#"id","code","english_name","date_format","currency_format","currency_code","thousands_sep","decimal_sep","currency_decimal_sep","number_grouping_scheme"
# major, ID, country_code, English name
0,1,"AD","Andorra",,,"EUR",,,,"western"
0,2,"AE","United Arab Emirates",,,"AED",",",".",".","western"
0,3,"AF","Afghanistan",,,"AFA",,,,"western"
0,4,"AG","Antigua and Barbuda",,,"XCD",,,,"western"
0,5,"AI","Anguilla",,,"XCD",,,,"western"
0,6,"AL","Albania",,,"ALL",".",",",",","western"
0,7,"AM","Armenia",,,"AMD",,,,"western"
0,8,"AN","Netherlands Antilles",,,"ANG",,,,"western"
0,9,"AO","Angola",,,"AON",,,,"western"
0,10,"AQ","Antarctica",,,"NOK",,,,"western"
0,11,"AR","Argentina",,,"ARA",".",",",",","western"
0,12,"AS","American Samoa",,,"USD",,,,"western"
0,13,"AT","Austria",,"€ %n","EUR",,",",",","western"
1,14,"AU","Australia",,,"AUD",",",".",".","western"
0,15,"AW","Aruba",,,"AWG",,,,"western"
0,16,"AZ","Azerbaijan",,,"AZM",,".",".","western"
0,17,"BA","Bosnia and Herzegovina",,,"BAM",,",",",","western"
0,18,"BB","Barbados",,,"BBD",,,,"western"
0,19,"BD","Bangladesh",,,"BDT",",",".",".","western"
0,20,"BE","Belgium",,"%n €","EUR",".",",",",","western"
0,21,"BF","Burkina Faso",,,"XAF",,,,"western"
0,22,"BG","Bulgaria",,,"BGL"," ",",",",","western"
0,23,"BH","Bahrain",,,"BHD",",",".",".","western"
0,24,"BI","Burundi",,,"BIF",,,,"western"
0,25,"BJ","Benin",,,"XAF",,,,"western"
0,26,"BM","Bermuda",,,"BMD",,,,"western"
0,27,"BN","Brunei Darussalam",,,"BND",,,,"western"
0,28,"BO","Bolivia",,,"BOB",".",",",",","western"
0,29,"BR","Brazil",,"R$%n","BRR",".",",",",","western"
0,30,"BS","Bahamas",,,"BSD",,,,"western"
0,31,"BT","Bhutan",,,"BTN",,,,"western"
0,32,"BV","Bouvet Island",,,"NOK",,,,"western"
0,33,"BW","Botswana",,,"BWP",",",".",".","western"
0,34,"BY","Belarus",,,"BYR",,".",".","western"
0,35,"BZ","Belize",,,"BZD",,,,"western"
1,36,"CA","Canada",,,"CAD",",",".",".","western"
0,37,"CC","Cocos  Islands",,,"AUD",,,,"western"
0,38,"CD","Congo",,,,,,,"western"
0,39,"CF","Central African Republic",,,"XAF",,,,"western"
0,40,"CG","Congo",,,"XAF",,,,"western"
0,41,"CH","Switzerland",,"SFr. %n","CHF","'",",",".","western"
0,42,"CI","Cote D'Ivoire",,,"XAF",,,,"western"
0,43,"CK","Cook Islands",,,"NZD",,,,"western"
0,44,"CL","Chile",,,"CLF",".",",",",","western"
0,45,"CM","Cameroon",,,"XAF",,,,"western"
0,46,"CN","China",,"Y%n","CNY",",",".",".","western"
0,47,"CO","Colombia",,,"COP",".",",",",","western"
0,48,"CR","Costa Rica",,,"CRC",",",".",".","western"
0,49,"CS","Serbia and Montenegro",,,"CSD",,,,"western"
0,50,"CU","Cuba",,,"CUP",,,,"western"
0,51,"CV","Cape Verde",,,"CVE",,,,"western"
0,52,"CX","Christmas Island",,,"AUD",,,,"western"
0,53,"CY","Cyprus",,,"CYP",,,,"western"
0,54,"CZ","Czech Republic",,,"CZK"," ",",",",","western"
1,55,"DE","Germany",,"%n €","EUR",".",",",",","western"
0,56,"DJ","Djibouti",,,"DJF",,,,"western"
0,57,"DK","Denmark",,,"DKK",".",",",",","western"
0,58,"DM","Dominica",,,"XCD",,,,"western"
0,59,"DO","Dominican Republic",,,"DOP",",",".",".","western"
0,60,"DZ","Algeria",,,"DZD",",",".",".","western"
0,61,"EC","Ecuador",,,"USD",".",",",",","western"
0,62,"EE","Estonia",,,"EEK"," ",",",",","western"
0,63,"EG","Egypt",,,"EGP",",",".",".","western"
0,64,"EH","Western Sahara",,,"MAD",,,,"western"
0,65,"ER","Eritrea",,,"ERN",",",".",".","western"
0,66,"ES","Spain",,"%n €","EUR",".",",",",","western"
0,67,"ET","Ethiopia",,,"ETB",",",".",".","western"
0,68,"FI","Finland",,,"EUR"," ",",",",","western"
0,69,"FJ","Fiji",,,"FJD",,,,"western"
0,70,"FK","Falkland Islands",,,"FKP",,,,"western"
0,71,"FM","Micronesia",,,"USD",,,,"western"
0,72,"FO","Faeroe Islands",,,"DKK",".",",",",","western"
1,73,"FR","France",,"%n €","EUR",,",",",","western"
0,74,"GA","Gabon",,,"XAF",,,,"western"
1,75,"GB","United Kingdom",,"£%n","GBP",",",".",".","western"
0,76,"GD","Grenada",,,"XCD",,,,"western"
0,77,"GE","Georgia",,,"GEL",".",",",",","western"
0,78,"GF","French Guiana",,,"EUR",,,,"western"
0,79,"GH","Ghana",,,"GHC",,,,"western"
0,80,"GI","Gibraltar",,,"GIP",,,,"western"
0,81,"GL","Greenland",,,"DKK",".",",",",","western"
0,82,"GM","Gambia",,,"GMD",,,,"western"
0,83,"GN","Guinea",,,"GNS",,,,"western"
0,84,"GP","Guadaloupe",,,"EUR",,,,"western"
0,85,"GQ","Equatorial Guinea",,,"XAF",,,,"western"
0,86,"GR","Greece",,,"EUR",".",",",",","western"
0,87,"GS","South Georgia and the South Sandwich Islands",,,"GBP",,,,"western"
0,88,"GT","Guatemala",,,"GTQ",",",".",".","western"
0,89,"GU","Guam",,,"USD",,,,"western"
0,90,"GW","Guinea-Bissau",,,"GWP",,,,"western"
0,91,"GY","Guyana",,,"GYD",,,,"western"
0,92,"HK","Hong Kong",,"HK$%n","HKD",",",".",".","western"
0,93,"HM","Heard and McDonald Islands",,,"AUD",,,,"western"
0,94,"HN","Honduras",,,"HNL",",",".",".","western"
0,95,"HR","Hrvatska",,,"HRK",,",",",","western"
0,96,"HT","Haiti",,,"HTG",,,,"western"
0,97,"HU","Hungary",,,"HUF",".",",",",","western"
0,98,"ID","Indonesia",,,"IDR",".",",",",","western"
0,99,"IE","Ireland",,,"EUR",",",".",".","western"
0,100,"IL","Israel",,"%n ₪","ILS",",",".",".","western"
0,101,"IN","India",,"Rs.%n","INR",",",".",".","indian"
0,102,"IO","British Indian Ocean Territory",,,"GBP",,,,"western"
0,103,"IQ","Iraq",,,"IQD",",",".",".","western"
0,104,"IR","Iran",,,"IRR","٬","٫","٫","western"
0,105,"IS","Iceland",,,"ISK",".",",",",","western"
0,106,"IT","Italy",,"€ %n","EUR",".",",",",","western"
0,107,"JM","Jamaica",,,"JMD",,,,"western"
0,108,"JO","Jordan",,,"JOD",",",".",".","western"
0,109,"JP","Japan",,"¥%n","JPY",",",".",".","western"
0,110,"KE","Kenya",,,"KES",,,,"western"
0,111,"KG","Kyrgyz Republic",,,"KGS",,,,"western"
0,112,"KH","Cambodia",,,"KHR",,,,"western"
0,113,"KI","Kiribati",,,"AUD",,,,"western"
0,114,"KM","Comoros",,,"KMF",,,,"western"
0,115,"KN","St. Kitts and Nevis",,,"XCD",,,,"western"
0,116,"KP","Korea",,,"KPW",,,,"western"
0,117,"KR","Korea",,,"KRW",",",".",".","western"
0,118,"KW","Kuwait",,,"KWD",",",".",".","western"
0,119,"KY","Cayman Islands",,,"KYD",,,,"western"
0,120,"KZ","Kazakhstan",,,"KZT",,,,"western"
0,121,"LA","Lao People's Democratic Republic",,,"LAK",",",".",".","western"
0,122,"LB","Lebanon",,,"LBP",",",".",".","western"
0,123,"LC","St. Lucia",,,"XCD",,,,"western"
0,124,"LI","Liechtenstein",,,"CHF",,,,"western"
0,125,"LK","Sri Lanka",,,"LKR",,,,"western"
0,126,"LR","Liberia",,,"LRD",,,,"western"
0,127,"LS","Lesotho",,,"LSL",,,,"western"
0,128,"LT","Lithuania",,,"LTL",".",",",",","western"
0,129,"LU","Luxembourg",,,"EUR",".",",",",","western"
0,130,"LV","Latvia",,,"LVL"," ",",",",","western"
0,131,"LY","Libyan Arab Jamahiriya",,,"LYD",",",".",".","western"
0,132,"MA","Morocco",,,"MAD",",",".",".","western"
0,133,"MC","Monaco",,,"EUR",,,,"western"
0,134,"MD","Moldova",,,"MDL",,,,"western"
0,135,"MG","Madagascar",,,"MGF",,,,"western"
0,136,"MH","Marshall Islands",,,"USD",,,,"western"
0,137,"MK","Macedonia",,,"MKD",,",",",","western"
0,138,"ML","Mali",,,"XAF",,,,"western"
0,139,"MM","Myanmar",,,,,,,"western"
0,140,"MN","Mongolia",,,"MNT",,".",".","western"
0,141,"MO","Macao",,,"MOP",,,,"western"
0,142,"MP","Northern Mariana Islands",,,"USD",,,,"western"
0,143,"MQ","Martinique",,,"EUR",,,,"western"
0,144,"MR","Mauritania",,,"MRO",,,,"western"
0,145,"MS","Montserrat",,,"XCD",,,,"western"
0,146,"MT","Malta",,,"MTL",",",".",".","western"
0,147,"MU","Mauritius",,,"MUR",,,,"western"
0,148,"MV","Maldives",,,"MVR",,,,"western"
0,149,"MW","Malawi",,,"MWK",,,,"western"
0,150,"MX","Mexico",,,"MXN",",",".",".","western"
0,151,"MY","Malaysia",,,"MYR",",",".",".","western"
0,152,"MZ","Mozambique",,,"MZM",,,,"western"
0,153,"NA","Namibia",,,"NAD",,,,"western"
0,154,"NC","New Caledonia",,,"XPF",,,,"western"
0,155,"NE","Niger",,,"XOF",,,,"western"
0,156,"NF","Norfolk Island",,,"AUD",,,,"western"
0,157,"NG","Nigeria",,,"NGN",,,,"western"
0,158,"NI","Nicaragua",,,"NIC",",",".",".","western"
0,159,"NL","Netherlands",,"€ %n","EUR",,",",",","western"
0,160,"NO","Norway",,"kr %n","NOK"," ",",",",","western"
0,161,"NP","Nepal",,,"NPR",",",".",".","western"
0,162,"NR","Nauru",,,"AUD",,,,"western"
0,163,"NU","Niue",,,"NZD",,,,"western"
0,164,"NZ","New Zealand",,,"NZD",",",".",".","western"
0,165,"OM","Oman",,,"OMR",",",".",".","western"
0,166,"PA","Panama",,,"PAB",",",".",".","western"
0,167,"PE","Peru",,,"PEI",",",".",".","western"
0,168,"PF","French Polynesia",,,"XPF",,,,"western"
0,169,"PG","Papua New Guinea",,,"PGK",,,,"western"
0,170,"PH","Philippines",,,"PHP",",",".",".","western"
0,171,"PK","Pakistan",,,"PKR",",",".",".","western"
0,172,"PL","Poland",,,"PLN",".",",",",","western"
0,173,"PM","St. Pierre and Miquelon",,,"EUR",,,,"western"
0,174,"PN","Pitcairn Island",,,"NZD",,,,"western"
0,175,"PR","Puerto Rico",,,"USD",",",".",".","western"
0,176,"PS","Palestinian Territory",,,,,,,"western"
0,177,"PT","Portugal",,"%n €","EUR",".","$","$","western"
0,178,"PW","Palau",,,"USD",,,,"western"
0,179,"PY","Paraguay",,,"PYG",".",",",",","western"
0,180,"QA","Qatar",,,"QAR",",",".",".","western"
0,181,"RE","Reunion",,,"EUR",,,,"western"
0,182,"RO","Romania",,,"ROL",".",",",",","western"
0,183,"RU","Russian Federation",,,"RUB",,".",".","western"
0,184,"RW","Rwanda",,,"RWF",,,,"western"
0,185,"SA","Saudi Arabia",,,"SAR",,".",".","western"
0,186,"SB","Solomon Islands",,,"SBD",,,,"western"
0,187,"SC","Seychelles",,,"SCR",,,,"western"
0,188,"SD","Sudan",,,"SDP",",",".",".","western"
0,189,"SE","Sweden",,"%n kr","SEK",,",",",","western"
0,190,"SG","Singapore",,,"SGD",",",".",".","western"
0,191,"SH","St. Helena",,,"SHP",,,,"western"
0,192,"SI","Slovenia",,,"SIT",,",",",","western"
0,193,"SJ","Svalbard & Jan Mayen Islands",,,"NOK",,,,"western"
0,194,"SK","Slovakia",,,"SKK"," ",",",",","western"
0,195,"SL","Sierra Leone",,,"SLL",,,,"western"
0,196,"SM","San Marino",,,"EUR",,,,"western"
0,197,"SN","Senegal",,,"XOF",,,,"western"
0,198,"SO","Somalia",,,"SOS",,,,"western"
0,199,"SR","Suriname",,,"SRG",,,,"western"
0,200,"ST","Sao Tome and Principe",,,"STD",,,,"western"
0,201,"SV","El Salvador",,,"SVC",",",".",".","western"
0,202,"SY","Syrian Arab Republic",,,"SYP",",",".",".","western"
0,203,"SZ","Swaziland",,,"SZL",,,,"western"
0,204,"TC","Turks and Caicos Islands",,,"USD",,,,"western"
0,205,"TD","Chad",,,"XAF",,,,"western"
0,206,"TF","French Southern Territories",,,"EUR",,,,"western"
0,207,"TG","Togo",,,"XAF",,,,"western"
0,208,"TH","Thailand",,,"THB",",",".",".","western"
0,209,"TJ","Tajikistan",,,"TJR",,".",".","western"
0,210,"TK","Tokelau",,,"NZD",,,,"western"
0,211,"TL","Timor-Leste",,,,,,,"western"
0,212,"TM","Turkmenistan",,,"TMM",,,,"western"
0,213,"TN","Tunisia",,,"TND",",",".",".","western"
0,214,"TO","Tonga",,,"TOP",,,,"western"
0,215,"TR","Turkey",,,"TRL",".",",",",","western"
0,216,"TT","Trinidad and Tobago",,,"TTD",,,,"western"
0,217,"TV","Tuvalu",,,"AUD",,,,"western"
0,218,"TW","Taiwan",,"NT$%n","TWD",",",".",".","western"
0,219,"TZ","Tanzania",,,"TZS",,,,"western"
0,220,"UA","Ukraine",,,"UAH",,".",".","western"
0,221,"UG","Uganda",,,"UGS",",",".",".","western"
0,222,"UM","United States Minor Outlying Islands",,,"USD",,,,"western"
1,223,"US","United States of America",,,"USD",",",".",".","western"
0,224,"UY","Uruguay",,,"UYU",".",",",",","western"
0,225,"UZ","Uzbekistan",,,"UZS",",",".",".","western"
0,226,"VA","Holy See",,,"EUR",,,,"western"
0,227,"VC","St. Vincent and the Grenadines",,,"XCD",,,,"western"
0,228,"VE","Venezuela",,,"VEB",".",",",",","western"
0,229,"VG","British Virgin Islands",,,"USD",,,,"western"
0,230,"VI","US Virgin Islands",,,"USD",,,,"western"
0,231,"VN","Viet Nam",,,"VND",".",",",",","western"
0,232,"VU","Vanuatu",,,"VUV",,,,"western"
0,233,"WF","Wallis and Futuna Islands",,,"XPF",,,,"western"
0,234,"WS","Samoa",,,"WST",,,,"western"
0,235,"YE","Yemen",,,,",",".",".","western"
0,236,"YT","Mayotte",,,"EUR",,,,"western"
0,237,"ZA","South Africa",,,"ZAR",",",".",".","western"
0,238,"ZM","Zambia",,,"ZMK",,,,"western"
0,239,"ZW","Zimbabwe",,,"ZWD",",",".",".","western"